ID,x,y,z,neighbors,,,,,,,
0,73,-9.54,-74,1,5,6,7,20,,,
1,32,-9.54,-110.2,0,5,2,,,,,
2,1.9,-9.54,-109,1,3,5,,,,,
3,-40,-9.54,-109,2,4,5,,,,,
4,-76.9,-9.54,-76.5,3,5,9,10,24,,,
5,0.15,-9.54,-72.85,0,1,2,3,4,7,8,9
6,115.7,-9.55,-17.1,0,7,11,12,,,,
7,43.2,-9.55,-24.24,0,5,6,8,11,12,13,
8,-3.18,-9.55,-28.28,5,7,9,12,13,14,,
9,-47.9,-9.55,-26.9,4,5,8,10,13,14,15,
10,-94.9,-9.55,-13,4,9,14,15,,,,
11,111,-9.55,34.3,6,7,12,16,,,,
12,64,-9.55,31.68,6,7,8,11,12,13,16,19
13,16,-9.55,34.31,7,8,9,12,14,19,,
14,-35,-9.55,33.1,8,9,10,13,15,18,19,
15,-84.53,-9.55,42,9,10,14,15,18,,,
16,52.8,-9.55,90.85,11,12,17,19,,,,
17,3,-9.55,105,16,18,19,,,,,
18,-54.9,-9.55,95,14,15,19,,,,,
19,8.7,-9.55,66.69,16,12,13,14,16,17,18,
20,117,0.57,-116,0,21,,,,,,
21,67,0.58,-147.9,20,22,,,,,,
22,2.5,0.58,-162.71,21,23,25,,,,,
23,-55.6,0.61,-155.7,22,24,,,,,,
24,-114.8,0.61,-118.3,4,23,,,,,,
25,1.33,1.11,-265.02,22,26,,,,,,
26,1.6,1.11,-400,25,27,,,,,,
27,3.65,1.11,-566.58,26,28,,,,,,
28,-0.43,1.11,-688,27,29,,,,,,
29,-0.95,1.11,-766,28,32,33,34,,,,
30,-156.5,-3.18,-816.3,31,37,38,,,,,
31,-103.7,-3.18,-814.2,30,32,37,38,39,,,
32,-56.8,-3.18,-814.4,31,33,38,39,,,,
33,4.1,-3.18,-825.8,32,34,38,39,40,,,
34,38.49,-3.18,-812.4,33,35,39,40,,,,
35,86.8,-3.18,-809.2,34,36,39,40,41,,,
36,147.62,-3.18,-808.1,35,40,41,,,,,
37,-158.1,-3.18,-880,30,31,38,42,43,,,
38,-111,-3.18,-859,30,31,32,33,37,39,42,43
39,-14.4,-3.18,-847,31,32,33,34,35,40,,
40,76.4,-3.18,-860.8,33,34,35,36,39,41,44,45
41,152.4,-3.18,-878,35,36,40,44,45,,,
42,-159,-3.18,-962,37,38,43,46,47,,,
43,-124.8,-3.18,-965.3,37,38,42,46,47,,,
44,118.86,-3.18,-963.4,40,41,45,48,49,,,
45,155.4,-3.18,-960,40,41,44,48,49,,,
46,-155.5,-3.18,-1043,42,43,47,50,51,,,
47,-63.06,13.35,-1013,42,43,46,50,51,52,69,
48,60.9,13.35,-1004.4,44,45,49,53,54,55,,
49,157,-3.18,-1042,44,45,48,54,55,,,
50,-167.8,-3.18,-1065.9,46,47,51,56,59,,,
51,-107.3,-3.18,-1064.3,46,47,50,52,56,59,60,
52,-50.8,-3.18,-1065.3,47,51,53,56,57,,,
53,49.3,-3.18,-1063.95,48,52,54,57,58,,,
54,100,-3.18,-1057,48,49,53,55,58,63,,
55,150,-3.18,-1064,48,49,54,58,63,,,
56,-108,-3.18,-1088,50,51,52,57,59,60,61,
57,22.61,-3.18,-1090,52,53,56,58,61,62,,
58,97.1,-3.18,-1084.8,53,54,55,57,62,63,,
59,-157.5,-3.18,-1116.9,50,51,56,60,,,,
60,-103.2,-3.18,-1118.2,50,51,56,61,,,,
61,-16.1,-3.18,-1121.5,52,56,57,60,62,,,
62,72.3,-3.18,-1116.8,53,57,58,61,63,,,
63,152.2,-3.18,-1117.5,54,55,58,62,,,,
64,-62,13.35,-916.3,67,38,39,43,,,,
65,-1.62,13.35,-916.8,67,68,38,39,40,,,
66,51.85,13.35,-930,68,40,41,44,,,,
67,-21.6,13.35,-950.5,64,65,68,69,70,,,
68,25.4,13.35,-946.6,65,66,67,69,70,,,
69,-22.12,13.35,-984.9,47,67,68,70,71,,,
70,33.2,13.35,-987.2,67,68,69,71,48,,,
71,-0.32,13.35,-1010.7,69,70,52,53,57,,,
